ad_id,page_name,reason,ad_text
1063698906640615,Turning Point PAC,Same Turning Point PAC Hobbs-veto ad as 1100926566241099; only line breaks and a repeated headline differ,"Lower grocery prices: vetoed.
No tax on tips: vetoed. 541 vetoes, the most of any governor in Arizona history.

Katie Hobbs hasn’t governed Arizona...she’s blocked it."
1709809976696459,Robert Reich,Same Robert Reich billboard appeal as 1285247517012202 with one added opening paragraph,"Trump’s disastrous priorities are wreaking havoc. He's spending billions on the war with Iran, his lavish White House ballroom, and a triumphal arch — while millions of Americans are struggling with soaring gas and grocery prices and crippling health care costs.

That’s why we’re trying something different to reach millions of Americans with the truth about the impact of Trump’s failed policies: Attention-grabbing billboards.

Our latest social media videos about Trump’s awful impact on issues like inflation and health care have been shown to move people in our direction by 12 to 14 points! But tens of millions of Americans aren’t on social media. That’s why we want to put our most powerful messages on billboards in front of as many commuters and communities as possible.

I’ll be honest: This won’t be cheap. To rent high-visibility locations and keep them up long enough to change minds, we need a steady stream of support. Will you chip in with a monthly donation to help us get these billboards up and running?"
1570214684365483,WinSenate,Same WinSenate Collins/Roe attack as 28754567194134989 minus one sentence,"When it matters, Susan Collins sides with Trump. She was the deciding vote for Trump’s Supreme Court justices who overturned Roe v. Wade. Now states are banning abortion and women are dying. We can’t trust Susan Collins."
804723918891033,Jordan Sekulow,No body text; parser captured the headline only. Full text of this ACLJ ad is 9512155372160997,Protect Born-Alive Abortion Survivors
