#,ad_id,ad_text,gold_goal,gold_issue,checked,notes,why_suggested,page_name,source_url,search_term,paid_for,started_running
1,712330514526004,"One thing that distinguishes me (and several others in the Democratic Party) from most of my colleagues is that I rely virtually entirely on grassroots donations and support, the vast majority being small-dollar, to fund my campaign.

The average donation to my campaign floats around $16-19. I reject all corporate money and have been very vocal about the need to get dark money influence out of the party and politics in general. The influence money has is absolutely atrocious.

I don’t take meetings with lobbyists, and I don’t curry favor with billionaires. I do this so that I can legislate and operate independently from our corrupting system of campaign finance and revolving door politics. I’m relying on grassroots supporters who have my back — if you can, can you chip in $5 to my campaign?",fundraising,candidate_character,yes,,"goal: money ask ""donations"", ""donation"", ""chip in"" (rule 1); issue: candidate_character ""corrupting""",Alexandria Ocasio-Cortez,https://www.facebook.com/ads/library/?id=712330514526004,chip in,Alexandria Ocasio-Cortez for Congress,"May 12, 2025"
2,2017055665864074,"James Talarico.
Jon Ossoff.
Sherrod Brown.
Mary Peltola.
Roy Cooper.

If electing these five Democrats and ripping away the GOP’s Senate majority is important to you, please chip in right away to the Democratic Party’s Flip the Senate Fund to make sure we have the resources to win in November.

Every contribution will help us register new Democrats in key battlegrounds, fight against GOP election rigging efforts, and target vulnerable Republican seats nationwide.",fundraising,democracy_voting,yes,,BLIND: label from scratch,Democrats,https://www.facebook.com/ads/library/?id=2017055665864074,chip in,DNC SERVICES CORP./DEM. NAT'L COMMITTEE,"Jun 3, 2026"
3,2015006009143029,"Hey, it’s Abdul.

We’re in a tough spot right now, and we need your help. Trump’s handpicked candidate, Mike Rogers, has $51 million in Super PAC money backing him.

I don’t take corporate PAC money – and I never will. But to compete with Rogers millions, I need your help.

Can you chip in $5 right now to support our campaign to beat Mike Rogers?",fundraising,candidate_character,yes,,"goal: money ask ""chip in"" (rule 1); issue: no topic keywords",Abdul El-Sayed,https://www.facebook.com/ads/library/?id=2015006009143029,chip in,Abdul for U.S. Senate,"Aug 17, 2026"
4,2316703248817204,"🚨 URGENT REQUEST FROM MARC ELIAS: Will you donate to support the DSCC Legal Fund?

Since returning to the White House, Donald Trump has taken every measure to try to undermine our democracy. And as a lawyer for Democrats, I’ve taken him to court -- and won.

But here’s the truth: If we’re going to stop Trump’s attacks on our rights, we’re going to need all Democrats to pitch in. That’s why I’m asking you to donate to the DSCC Legal Fund today. >>> Please, chip in before the midnight deadline.",fundraising,democracy_voting,yes,,"goal: money ask ""donate"", ""pitch in"", ""chip in"" (rule 1); issue: democracy_voting ""democracy""",Senate Democrats,https://www.facebook.com/ads/library/?id=2316703248817204,chip in,DSCC,"Apr 6, 2026"
5,2371657129925977,"If you knew that for the price of a digital subscription, you could help fund important journalism that exposes Big Tech’s power in shaping public policy and local communities, wouldn’t it be worth it?

That’s the donation we’re hoping you’ll make to More Perfect Union today. As a nonprofit newsroom, your grassroots support helps build power for working people. Thank you in advance for your support.",fundraising,economy,yes,,"goal: money ask ""donation"" (rule 1); issue: economy ""price""",More Perfect Union,https://www.facebook.com/ads/library/?id=2371657129925977,chip in,MORE PERFECT UNION ACTION,"Feb 4, 2026"
6,1588622266209623,"DOWN 6 ➡️ DOWN 1

Gina Hinojosa here. I want to show you how fast this race is changing.

In June, a Texas A&M poll had us down 6 points to Greg Abbott. Today, that same pollster has us down 1.

That's not a fluke – it's the second poll in a week to put us within a single point. The gap is closing because Texans are getting to know our vision for a Texas that works for everyone. And the more they hear, the more they're with us.

But this momentum only continues if we keep reaching voters between now and November. Abbott's $67 MILLION war chest is built to slow us down.

Chip in $10 right now so we can keep moving in the right direction >>",fundraising,other,yes,,BLIND: label from scratch,Rep. Gina Hinojosa,https://www.facebook.com/ads/library/?id=1588622266209623,chip in,Gina Hinojosa Campaign,"Aug 11, 2026"
7,2221616418622006,"99% of DNC donations come from grassroots supporters like you — with an average online gift of $28.

I know these are dark and challenging times. But we cannot sit back while Trump and his GOP enablers hand our government over to billionaires and giant corporations.

If a monthly donation makes sense for you right now, I hope you’ll join our fight by supporting the Democratic Party’s Fight Fund. Because when grassroots supporters understand the power in their hands and take action, we win.

— Elizabeth Warren",fundraising,other,yes,,"goal: money ask ""donations"", ""gift of"", ""monthly donation"" (rule 1); issue: no topic keywords",Democrats,https://www.facebook.com/ads/library/?id=2221616418622006,chip in,DNC SERVICES CORP./DEM. NAT'L COMMITTEE,"Aug 5, 2026"
8,1947980852550132,"🚨NEW POLL SHOWS US 1.4% BEHIND MIKE ROGERS!

Winning this seat is possible, but we need your help. Pitch in $10 right now so we can keep building this campaign >>",fundraising,other,yes,,"goal: money ask ""pitch in"" (rule 1); issue: no topic keywords",Abdul El-Sayed,https://www.facebook.com/ads/library/?id=1947980852550132,chip in,Abdul for U.S. Senate,"Sep 9, 2026"
9,2192153848022151,"I’ll be transparent: We’re running very short of our fundraising goals this month.

So today, I’m trying something new. I’m lowering my ask to just $1 in the hopes that every person reading this pitches in to help us catch up.

If flipping Ohio and taking back the Senate are worth $1 to you, will you chip in?",fundraising,other,yes,,BLIND: label from scratch,Sherrod Brown,https://www.facebook.com/ads/library/?id=2192153848022151,chip in,Friends of Sherrod Brown,"Jul 21, 2026"
10,1645966063531661,"It’s happening right now: MAGA is pouring in MILLIONS of dollars to try to defeat Democrats. Even Elon Musk is back with a nine-figure check to help Republicans.

But they are NO MATCH for the full grassroots power of the Democratic Party. Will you chip in directly to the DNC to decimate MAGA at every level?

We need your help playing OFFENSE and DEFENSE. We’re the only organization responsible for electing Democrats at every level, and this is when your contribution could have the biggest impact.

Every dollar will help register young people to vote, fund our efforts to beat Trump in court, and power the tech that 10,000 campaigns rely on.

Thank you for your support!",fundraising,other,yes,,"goal: money ask ""chip in"", ""contribution"", ""every dollar"" (rule 1); issue: no topic keywords",Democrats,https://www.facebook.com/ads/library/?id=1645966063531661,chip in,DNC SERVICES CORP./DEM. NAT'L COMMITTEE,"Sep 15, 2026"
11,1637870581066786,"Mary Peltola needs your help to get her Alaska-first message out on airwaves across the state.

The DC establishment, the corporate special interests, and their billionaire donors have already reserved almost $30 million worth of ads to pummel Mary with attacks. That’s 3 times as much support as we have right now. We don’t need to match them dollar-for-dollar, but we need to keep up the pressure to make sure Alaskans hear the truth, rather than lies from dark money super PACs. Can you give anything you can afford to support Mary Peltola’s campaign for U.S. Senate in Alaska?",fundraising,economy,yes,,"goal: money ask ""give anything"" (rule 1); issue: economy ""afford"" (tie with candidate_character)",Mary Peltola,https://www.facebook.com/ads/library/?id=1637870581066786,chip in,ALASKANS FOR MARY,"Sep 14, 2026"
12,1063141646050416,"$3.

It may not seem like a lot compared to GOP corporate mega-donors, but when we put all of our grassroots donations together, $3 can amount to a really powerful movement.

$3 donations beat a Republican who raised $10 million against AOC.

$3 donations brought 6,000 hours of free, virtual tutoring to under-resourced families.

$3 donations let us push for the largest climate investment in history.

Now, with the strength of our movement being tested every day, your $3 donation is more important than ever.

If you can, will you make a $3 contribution today to power our campaign for progress?",fundraising,other,yes,,"goal: money ask ""donations"", ""donation"", ""contribution"" (rule 1); issue: no topic keywords",Alexandria Ocasio-Cortez,https://www.facebook.com/ads/library/?id=1063141646050416,chip in,Alexandria Ocasio-Cortez for Congress,"Jul 6, 2026"
13,28388005090797319,"This was a 12 point race in February. A single digit race in June. Now we’re within 1 POINT of defeating Greg Abbott.

We have the momentum — and Abbott is scared. He even told his own donors he's at real risk of losing statewide.

It’s up to us to finish the job.

Will you chip in $10 to finish closing the gap and take back Texas?",fundraising,other,yes,,"goal: money ask ""chip in"" (rule 1); issue: no topic keywords",Rep. Gina Hinojosa,https://www.facebook.com/ads/library/?id=28388005090797319,chip in,Gina Hinojosa Campaign,"Aug 1, 2026"
14,1761662354861259,WAIT! Can you spare 30 seconds to watch this message from Adam?,persuasion,other,yes,,goal: no ask found; default for political ads; issue: no topic keywords,Adam Hamilton for Kansas,https://www.facebook.com/ads/library/?id=1761662354861259,chip in,Hamilton for Kansas,"Aug 26, 2026"
15,1066038232983417,"I've got Maxwell Frost and David Hogg from Leaders We Deserve here with me today, because they know what I know: to flip the Senate blue, it's gonna take all of us.

I was outraised 16 to 1 in my primary and Florida Democratic voters picked me anyway. Now I'm running against Ashley Moody – a woman who has never won a single vote for this seat. Ron DeSantis handed it to her, and she's spent every day since doing exactly what he tells her to.

Meanwhile, people here are getting crushed. Insurance, groceries, childcare, rent. Every month it's more, and nobody in Washington seems to notice.

I don't take corporate PAC money and I never have. There's no billionaire coming to fund this campaign – just a bunch of people who care about building a better Florida.

Chip in whatever you can today to join this movement!",fundraising,economy,yes,,"goal: money ask ""chip in"" (rule 1); issue: economy ""groceries"", ""rent""",Angie Nixon for Florida,https://www.facebook.com/ads/library/?id=1066038232983417,chip in,Angie For Florida,"Sep 23, 2026"
16,1764137051594240,"Pete Hegseth decided he’s going to censure me.

They want us to be afraid, but what they are really doing is showing how scared they are of people speaking out against them.

So that’s exactly why I’m asking you to make a donation to the DNC Fight Fund.

Every contribution shows this administration that we’re not afraid. And if enough of us pitch in, it will be a message that they cannot ignore.

— Mark Kelly",fundraising,candidate_character,yes,,BLIND: label from scratch,Democrats,https://www.facebook.com/ads/library/?id=1764137051594240,chip in,DNC SERVICES CORP./DEM. NAT'L COMMITTEE,"Aug 6, 2026"
17,2078049276924063,"Healthcare costs keep rising but what if you could pay for a plan as low as $115 a month?

Use code CHARLIE to receive 50% off your first month to see if  Christian Healthcare Ministries is right for you and your family. Be part of a community where members support each other’s medical needs through monthly contributions, often at a lower cost than traditional insurance.

There are no restrictive networks, so you can choose the doctors and hospitals you trust.
Programs start at just $115/month, and you can join anytime.",fundraising,healthcare,yes,,"goal: money ask ""contributions"" (rule 1); issue: healthcare ""healthcare"", ""insurance"", ""hospitals""",Charlie Kirk,https://www.facebook.com/ads/library/?id=2078049276924063,chip in,Salem Media Group,"May 6, 2026"
18,1522173733255487,"The Epstein emails are out — and they confirm what women have known forever: predators stick together.

Epstein wrote that Trump “knew about the girls”, lingered with victims, and was “dirty” long before the public caught up. The irony is that the proof is in emails. (But his emails!)

We’re done with the fu*king gaslighting. We’re done watching powerful men guard abusers while survivors are left to shoulder the pain.

Women’s March is launching an emergency media blitz to put these receipts in front of the whole country — billboards, digital ads, public screens across the country. If they want to bury the truth, we’ll put it on the highway. If they want to hide behind each other, we’ll drag their asses into the light.

Can you chip in $10 now to help us blast these ads across the nation?",fundraising,public_safety,yes,,"goal: money ask ""chip in"" (rule 1); issue: public_safety ""predators"", ""victims""",Women's March,https://www.facebook.com/ads/library/?id=1522173733255487,chip in,Women's March,"May 29, 2026"
19,1887606072613823,"Hey, Josh Shapiro here. I know you don't have a lot of time, so I'll be quick. Can you chip in just five bucks to my campaign today? Thanks!",fundraising,other,yes,,"goal: money ask ""chip in"" (rule 1); issue: no topic keywords",Josh Shapiro,https://www.facebook.com/ads/library/?id=1887606072613823,chip in,Josh Shapiro,"Sep 19, 2026"
20,2491085307983341,Give now to help retired Rear Admiral Eileen Laubacher defeat Lauren Boebert and take back the House for Democrats.,fundraising,other,yes,,BLIND: label from scratch,Rear Admiral Eileen Laubacher,https://www.facebook.com/ads/library/?id=2491085307983341,chip in,EILEEN FOR COLORADO,"Jul 22, 2026"
21,1667865474305327,"TEAM MARY: Alaska’s open primary election is on August 18, and we’ve got to reach as many voters as humanly possible before our first face off with incumbent Republican Senator Dan Sullivan. Traveling around our state isn’t easy, more than 80% of our communities can’t be reached by road, meaning my team and I rely on small planes, big planes, and boats to get to remote villages from the Aleutians to the Arctic. We need the resources right now to travel, keep our ads on TV, and ramp up our GOTV efforts so every Alaskan is heard. Please make a $10 donation, or whatever you can afford, to my campaign for U.S. Senate today. This race is shaping up to be the most competitive and consequential in the country, and we’re going to win it together.",fundraising,economy,yes,,"goal: money ask ""donation"" (rule 1); issue: economy ""afford""",Mary Peltola,https://www.facebook.com/ads/library/?id=1667865474305327,chip in,ALASKANS FOR MARY,"Aug 4, 2026"
22,2136967157224319,"Hey – It's Gov. Josh Shapiro here. I'm standing with my friend Gov. Gretchen Whitmer to talk about what's at stake here in Pennsylvania. I'm one of the last statewide Democrats left in this Commonwealth, and they're throwing everything they've got at us. Will you rush $1 or whatever you can before midnight?",fundraising,candidate_character,yes,,BLIND: label from scratch,Josh Shapiro,https://www.facebook.com/ads/library/?id=2136967157224319,chip in,Josh Shapiro,"Sep 28, 2026"
23,1870945577203395,"My name is Angie Nixon. If you believe that the people in power should listen to those they represent, please, chip in even just $1 right now.",fundraising,other,yes,,"goal: money ask ""chip in"" (rule 1); issue: no topic keywords",Angie Nixon for Florida,https://www.facebook.com/ads/library/?id=1870945577203395,chip in,Angie For Florida,"Sep 15, 2026"
24,1000281913062137,"BREAKING: Turning Point PAC must raise funds to train 700 more ballot chasers in key battleground races.

Why?

Because the 2026 midterms will be decided by who puts more ballots in the box.

Democrats are already pouring money into their ground game.

If we don’t scale now, we fall behind.

Rush a donation today.",fundraising,other,yes,,BLIND: label from scratch,Turning Point PAC,https://www.facebook.com/ads/library/?id=1000281913062137,chip in,TURNING POINT PAC INC.,"Sep 12, 2026"
25,1519055850030815,"We’re asking you to give $1 to help Democrat and retired Navy Rear Admiral Eileen Laubacher defeat Lauren Boebert. And no, that’s not a typo.

Our next fundraising deadline is at midnight tonight, but we’re still very short of our $50,000 goal and what we need to send Boebert packing this November.

We know that $1 might not seem like a lot – and to be honest, it’s not. But when your $1 is combined with thousands of other grassroots donors also chipping in to defeat Boebert, $1 can have enormous impact.

$1 lets Eileen fill the tank in her car as she drives across the district, meeting with voters who are fed up with Lauren Boebert.

$1 lets us invest in staff and critical resources needed to build a field and organizing campaign strong enough to win.

$1 lets us fight back against Elon Musk & his Super PACs and hold Boebert accountable.

And $1 lets us take the lead and flip this seat that could decide whether or not Democrats take back control of the House for the next 2 years.

If everyone who sees this chips in just $1, we will hit our fundraising goal and send Lauren Boebert packing once and for all this November. But Eileen is counting on you to give right now if she’s going to defeat Boebert and flip this seat blue:

Please, will you give $1 weekly right now to retired Rear Admiral Eileen Laubacher’s campaign – more if you can afford it! – to help defeat Lauren Boebert, flip this seat blue, and take back the House for Democrats?

Eileen is not taking a dime of corporate PAC money like Boebert is. Instead, she is funding her campaign entirely with donations from real people like you. No amount you can chip in today – yes, even $1 – is too small.

When Eileen finally defeats Lauren Boebert and puts an end to her embarrassing political career, it will be because people like you gave whatever amount you could afford to today.",fundraising,economy,yes,,"goal: money ask ""give $1"", ""fundraising deadline"", ""chipping in"" (rule 1); issue: economy ""afford""",Rear Admiral Eileen Laubacher,https://www.facebook.com/ads/library/?id=1519055850030815,chip in,EILEEN FOR COLORADO,"Aug 28, 2026"
26,910588751569955,Abbott’s lead is shrinking. Help us defeat him in November by rushing a $5 donation right now >>,fundraising,other,yes,,"goal: money ask ""donation"" (rule 1); issue: no topic keywords",Rep. Gina Hinojosa,https://www.facebook.com/ads/library/?id=910588751569955,chip in,Gina Hinojosa Campaign,"Aug 11, 2026"
27,1400280895406058,"I’m asking you to chip in $3 to help defend one of the most competitive House seats in America.

Seriously — just $3.

I’m Marie Gluesenkamp Perez, the Democrat representing one of the closest districts in the country. And ever since I won this seat in 2022, Republicans have been trying to take it back. Now, national analysts have moved this race to a Toss-up, and control of the House could hinge on what happens here.

The GOP is preparing to spend millions to defeat me. But I’ve never relied on billionaires or Washington insiders. My campaigns are powered by working people giving what they can.

That’s why your $3 matters. It helps us reach voters, organize communities across Southwest Washington, and fight back against the flood of outside money and attack ads headed our way.

Can you chip in $3 right now to help us keep this seat in the hands of working families?",fundraising,candidate_character,yes,,BLIND: label from scratch,Marie Gluesenkamp Perez for Congress,https://www.facebook.com/ads/library/?id=1400280895406058,chip in,MARIE FOR CONGRESS,"Sep 2, 2026"
28,2370114423734060,"Abdul here. I just signed off on airtime we can't pay for yet.

Our campaign finance team recently talked through the cash we have now and how much airtime that can buy us. The truth is, it wasn’t enough, so I took a risk, because winning this November is that important.

We need your help to close this budget gap. Can you chip in $10 or $15 right now?",fundraising,economy,yes,,"goal: money ask ""chip in"" (rule 1); issue: economy ""budget""",Abdul El-Sayed,https://www.facebook.com/ads/library/?id=2370114423734060,chip in,Abdul for U.S. Senate,"Sep 25, 2026"
29,38647335471546979,"Ilhan Omar is facing constant attacks from the MAGA right.

Can you chip in $5, $10, $20, or whatever you can afford to her reelection campaign to help her fight back?",fundraising,economy,yes,,"goal: money ask ""chip in"" (rule 1); issue: economy ""afford""",Ilhan Omar,https://www.facebook.com/ads/library/?id=38647335471546979,chip in,ILHAN FOR CONGRESS,"Aug 24, 2026"
30,1545266276440099,"New polling has David Jolly LEADING his GOP opponent in the race for Florida Governor -- and right now, Florida donations will be matched 2 to 1, giving them three times the impact. Chip in $5, $10, or whatever you can right now.",fundraising,other,yes,,"goal: money ask ""donations"", ""matched"", ""chip in"" (rule 1); issue: no topic keywords",David Jolly,https://www.facebook.com/ads/library/?id=1545266276440099,chip in,David Jolly for Governor,"Aug 4, 2026"
31,1085597473822189,"If we win this race, I will become the first Democratic Governor of Georgia this century.

That’s not symbolism — that’s power.

Power to stop Trump’s agenda at the state level.
Power to protect voting rights.
Power to flip Georgia for good and help flip the country blue.

Trump and his Republican allies know what’s at stake. That’s why they’re flooding this race with money and misinformation.

We are this close to breaking their grip on Georgia — but only if Democrats show up right now. This moment won’t come again.

If you are in a position to support our campaign, we have a pivotal fundraising deadline tonight at midnight. We only need to raise an additional $2,575 to reach our goal, so your donation could be the one that helps us cross the finish line. Please donate now to help us break the GOP grip on power here in Georgia.",fundraising,democracy_voting,yes,,"goal: money ask ""fundraising deadline"", ""donation"", ""donate"" (rule 1); issue: democracy_voting ""voting rights""",Keisha Lance Bottoms,https://www.facebook.com/ads/library/?id=1085597473822189,chip in,KEISHA FOR GOVERNOR,"Aug 6, 2026"
32,2690231904729243,"I’ll be radically transparent with you: We need to do something different today.

Over the last 48 hours, our grassroots fundraising has taken a nosedive. Folks just aren’t chipping in as much as we thought they would – even though the latest poll of Ohio shows this race statistically tied and we urgently need more resources to surge ahead.

So I’m going to try something out of the ordinary. I’m going to lower my ask to $1 in the hopes that every person reading this message donates to help us close the gap.

If you can give $1, thank you. If you can give more, that’s great. The most important thing is that we see thousands of donations come through the door today.

It adds up fast when we’re all working together – so please, chip in at the link below.",fundraising,other,yes,,BLIND: label from scratch,Sherrod Brown,https://www.facebook.com/ads/library/?id=2690231904729243,chip in,Friends of Sherrod Brown,"Sep 17, 2026"
33,991705777072320,"The race to flip Kansas’s 2nd Congressional District is one of the most important races this year!

I’m Don Coover, the Democrat, first-time candidate, and Army veteran taking on far-right career politician Derek Schmidt.

We’re already polling within striking distance, but that means we’re on Mike Johnson and Donald Trump’s radar. They are getting ready to attack our campaign with negative ads. We have to be ready.

Can you give $25 or any other amount to help me keep reaching voters across the district and building up the resources to win in November?",fundraising,candidate_character,yes,,BLIND: label from scratch,Don Coover for Congress,https://www.facebook.com/ads/library/?id=991705777072320,chip in,DON COOVER FOR CONGRESS,"Jun 26, 2026"
34,3868993196729486,"If every person who watches this video gives $1, Leaders We Deserve raises $1.25 million over the next five months. That's enough to back the young candidates running to break GOP supermajorities and majorities in six state legislatures — Pennsylvania, Arizona, New Hampshire, Georgia, and more.

These are the races that decide whether Trump's power grab gets stopped at the state level or not. And the candidates we’re backing for these seats don't take a dime of corporate PAC money. They're counting on grassroots donors to compete.

We're building a democracy where young people actually trust their leaders to represent them, not special interests. That only works if the people who believe in it show up.

Click below to chip in $1 a month. That's all I’m asking. Thank you for your support.",fundraising,candidate_character,yes,,BLIND: label from scratch,David Miles Hogg,https://www.facebook.com/ads/library/?id=3868993196729486,chip in,LEADERS WE DESERVE,"May 22, 2026"
35,2198072880974504,"Hey it’s Rob Sand, Democratic nominee for Iowa Governor.

This campaign is one of the closest races anywhere in the country.

Like, statistical tie close.

In fact, a new poll has me leading by just a single point!

Add to the fact that major outlets are already calling this race a TOSS-UP, and we’ve got a certified barnburner here in Iowa.

In a race this close, your support can have an outsized impact — even if it’s only $1.

$1 donations add up fast because you’re not the only person chipping in today, and your support will inspire others to give.

This race will be won on the margins, so if you can, please chip in to support my campaign for governor today!",fundraising,other,yes,,"goal: money ask ""donations"", ""chipping in"", ""chip in"" (rule 1); issue: no topic keywords",Rob Sand for Iowa,https://www.facebook.com/ads/library/?id=2198072880974504,chip in,Rob Sand for Iowa,"Jul 16, 2026"
36,1098705329281628,"Please don’t look away from this post.

First, polling had me trailing my opponent, Republican Jon Husted, by 1 point.

Then, the GOP started spending $133 million in Ohio to stop our grassroots campaign (the most they’re spending in any battleground state), and dark-money groups followed suit by launching ad buys of their own.

Now, the latest poll has me slipping behind, this time trailing Husted by 3 points.

The GOP’s attacks are working, and with analysts predicting this will be the most expensive Senate race in history, they’re just getting started. Will you rush a donation right now to help me fight back and win?",fundraising,other,yes,,"goal: money ask ""rush a donation"" (rule 1); issue: no topic keywords",Sherrod Brown,https://www.facebook.com/ads/library/?id=1098705329281628,chip in,Friends of Sherrod Brown,"Aug 11, 2026"
37,1975306490080574,"Please, don’t skip past this. It’s about Donald Trump and Jeffrey Epstein.

I’m Robert Garcia, the top Democrat on the House Oversight Committee.

Donald Trump is once again trying to silence anyone who holds him accountable.

The DOJ defied federal law by refusing to release the full Epstein files, despite a clear legal deadline set by Congress.

This wasn’t an accident. It was a deliberate cover-up.

I refuse to stay quiet. I’m calling him out and demanding accountability. And now, Trump and his allies are lashing out because they don’t want the American people to see what’s in those files.

Let me be clear: no one is above the law — not Donald Trump, not his DOJ, and not the powerful people who think they can bury the truth forever.

If you want leaders who will subpoena the powerful, confront corruption head-on, and keep pushing even when it’s uncomfortable — I need your help right now. Please help me get back to Congress, win back the House, and keep fighting for transparency.  Donate now.

Thank you.",fundraising,candidate_character,yes,,"goal: money ask ""donate"" (rule 1); issue: candidate_character ""corruption""",Robert Garcia,https://www.facebook.com/ads/library/?id=1975306490080574,chip in,ROBERT GARCIA FOR CONGRESS,"Jan 29, 2026"
38,1691786442168230,"What’s $1 these days? A piece of gum? A lollipop?

Rob Sand here. I know it sounds crazy, but $1 stretches way further than you’d think when the margin is tight...like it’s going to be in this toss-up race for governor of Iowa.

$1 proves that Iowans want change and are willing to invest whatever they can.

$1 sends a message to powerful insiders that our Big Tent campaign includes people from every walk of life.

So, I’m asking you to chip in just $1 today to elect a Governor for All to bring down costs and restore accountability in Iowa. What do you say?",fundraising,economy,yes,,BLIND: label from scratch,Rob Sand for Iowa,https://www.facebook.com/ads/library/?id=1691786442168230,chip in,Rob Sand for Iowa,"May 29, 2026"
39,1627464622328348,"Dr. Annie Andrews here with a concerning update.

Over the course of the summer, we saw our grassroots fundraising numbers DROP. This couldn’t happen at a worse moment.

We need to be reaching out to voters right now. We can’t wait until a couple weeks before election day to get our ads on TV.

So please, if you can, chip in $10, $5, or even just $1 right now to help us catch up to our fundraising goals. Any amount will help.",fundraising,other,yes,,"goal: money ask ""chip in"" (rule 1); issue: no topic keywords",Dr. Annie Andrews,https://www.facebook.com/ads/library/?id=1627464622328348,chip in,DR. ANNIE ANDREWS FOR SENATE,"Aug 28, 2026"
40,1598745171880103,The billionaires don’t want you to read this.,persuasion,other,yes,,goal: no ask found; default for political ads; issue: no topic keywords,Sherrod Brown,https://www.facebook.com/ads/library/?id=1598745171880103,chip in,Friends of Sherrod Brown,"Aug 11, 2026"
41,2591016758049890,"When Republicans lose these midterms, they'll still have the government hostage for 2 more months. This race can stop that. >>

I'm Conrad Cable, the Democrat running a grassroots-powered campaign to beat Speaker Of The House Mike Johnson and kick him out of Congress.

If Johnson gets under 50% of the vote on Election Day, he'll have to run again in a runoff election, preventing him from using his position as Speaker to run Trump's agenda in those final 2 months.

There is no other race on the map that does that, which means a dollar here does more damage to MAGA than a dollar anywhere else.

That's why they're doing everything they can to stop us, and that's why we have to act NOW. Chip in $20.26 so we can hire organizers, train volunteers, and knock every door it takes to get Mike Johnson OUT.",fundraising,other,yes,,"goal: money ask ""chip in"" (rule 1); issue: no topic keywords",Conrad 4 Congress,https://www.facebook.com/ads/library/?id=2591016758049890,chip in,Committee to Elect Conrad Cable,"Sep 30, 2026"
42,1870172704346210,"Will it all come down to Texas?
Urgent - Watch this video I recorded for you...",persuasion,other,yes,,goal: no ask found; default for political ads; issue: no topic keywords,Ted Cruz,https://www.facebook.com/ads/library/?id=1870172704346210,GOP ads,TED CRUZ FOR SENATE,"Sep 4, 2026"
43,1646144840450824,"""I'm coming to you with a heavy heart & all my cards on the table.""

Read JD Vance's full message supporting Brandon Gill.",other,other,yes,,BLIND: label from scratch,Brandon Gill,https://www.facebook.com/ads/library/?id=1646144840450824,GOP ads,Brandon Gill for Texas,"Sep 28, 2026"
44,1503432387824278,"I'm not backing down. I'm a Navy SEAL, and we don't give up. That's why I'm asking you, with all humility, to chip in a few bucks before my critical fundraising deadline.",fundraising,candidate_character,yes,,"goal: money ask ""chip in"", ""fundraising deadline"" (rule 1); issue: candidate_character ""navy seal""",Eli Crane for Congress,https://www.facebook.com/ads/library/?id=1503432387824278,GOP ads,Crane for Congress,"May 13, 2026"
45,1435558384931732,I'm humbly asking you for $15. Not $500. Not even $50. Your $15 changes the game – please donate before my 2/28 deadline!,fundraising,other,yes,,BLIND: label from scratch,Michele Tafoya for Senate,https://www.facebook.com/ads/library/?id=1435558384931732,GOP ads,Tafoya for Senate,"Feb 19, 2026"
46,1430386888375101,Michele Tafoya wrote you this note by hand. Can you read it?,persuasion,other,yes,,goal: no ask found; default for political ads; issue: no topic keywords,Michele Tafoya for Senate,https://www.facebook.com/ads/library/?id=1430386888375101,GOP ads,Tafoya for Senate,"Apr 13, 2026"
47,939313922293300,"Michele Tafoya here. If you could chip in 5 bucks to my campaign for US Senate, that would mean the world to us.",fundraising,other,yes,,BLIND: label from scratch,Michele Tafoya for Senate,https://www.facebook.com/ads/library/?id=939313922293300,GOP ads,Tafoya for Senate,"Apr 17, 2026"
48,993663693771556,"Please don’t scroll. I’m going to do everything in my power to convince you to take action before it’s too late to make a difference ahead of November.

I truly believe that this November we’re facing one of the most important elections in American history.

I need your help today.",persuasion,other,yes,,goal: no ask found; default for political ads; issue: no topic keywords,Brandon Gill,https://www.facebook.com/ads/library/?id=993663693771556,GOP ads,Brandon Gill for Texas,"Sep 27, 2026"
49,1073912635556395,"⚡️🔌💡 🏡Tired of seeing your utility bills go up and up? So am I! I've never voted for a utility rate hike and I never will!

New Yorkers pay the 8th highest electricity bills in the nation and residential electric rates are 50 percent higher than the national average.

These surging energy bills are due in large part to a myriad of what I’ve railed and voted against -- onerous and misguided state taxes, fees and new mandates from my colleagues on the other side of the aisle that have been passed down to consumers.

The New York State Public Service Commission (PSC), who are appointed by the Governor and rubber-stamped by my colleagues in the Senate Majority, approve of the electric company rate hikes without direct input and oversight from the Senators who appoint them – the public’s duly elected representatives.

The PSC are not elected representatives – Senators, Assembly Members and Governors are.

Enough is enough!

One of the things we can do is create accountability and a holistic common sense energy policy.  That’s why I’ve authored and am sponsoring bi-partisan legislation, the “Ratepayer Protection Act” (S.1414), to ensure elected representatives have the final say with any utility rate change so they can’t shirk their representatives and point to the faceless bureaucrats they appointed to blame for the rate increases.",persuasion,economy,yes,,"goal: political, no ask ""governor"", ""senate"", ""elected""; issue: economy ""utility"", ""bills"", ""rate hike""",Senator Jim Tedisco,https://www.facebook.com/ads/library/?id=1073912635556395,GOP ads,Tedisco for Senate 2026,"Sep 30, 2026"
50,1091649153456471,"👍There's too much name-calling, mudslinging and negativity in politics -- on both sides of the aisle. We can strongly disagree on policies and politics and support our principles but we don't need to be disagreeable about doing it! That’s why, as always, I’m proud to run positive campaigns focused on results and issues that matter to you like making NY more affordable and reducing utility and energy costs!

On Election Day, I’d be honored to have your vote!",persuasion,economy,yes,,"goal: political, no ask ""election"", ""vote""; issue: economy ""affordable"", ""utility"", ""costs""",Senator Jim Tedisco,https://www.facebook.com/ads/library/?id=1091649153456471,GOP ads,Tedisco for Senate 2026,"Sep 23, 2026"
51,1450680149898332,Will you become a Founding Donor now that I officially launched my campaign for U.S. Senate in Minnesota?,fundraising,other,yes,,BLIND: label from scratch,Michele Tafoya for Senate,https://www.facebook.com/ads/library/?id=1450680149898332,GOP ads,Tafoya for Senate,"Mar 6, 2026"
52,1674875244212995,Ken Paxton: Help Save Our Country,persuasion,other,yes,,goal: no ask found; default for political ads; issue: no topic keywords,Ken Paxton,https://www.facebook.com/ads/library/?id=1674875244212995,GOP ads,Ken Paxton Campaign,"Sep 25, 2026"
53,1592264912388738,"When and why did it become controversial to love our country?

If the radical left had their way, they’d never let me ask a question ever again. In fact, that’s their plan for me this November.

If you want me to keep asking questions and keep up the fight in Washington, I need your help today.",fundraising,other,yes,,BLIND: label from scratch,Brandon Gill,https://www.facebook.com/ads/library/?id=1592264912388738,GOP ads,Brandon Gill for Texas,"Sep 27, 2026"
54,1443637634283027,"I need your help—right now, the Looney Left is coming after us, and Chuck Schumer is fighting for the Senate Majority. Can you chip in today? Even a few bucks makes a big difference.",fundraising,other,yes,,"goal: money ask ""chip in"" (rule 1); issue: no topic keywords",John Neely Kennedy,https://www.facebook.com/ads/library/?id=1443637634283027,GOP ads,"John Kennedy for Us, Inc","Sep 14, 2026"
55,1062846019879540,"This is Brandon Gill’s wife. I wouldn’t be reaching out unless it was serious.

My name is Danielle Gill. Sometimes it feels like my husband is carrying the weight of the world on his shoulders.

I know most people will scroll right past this, because you’re tired of being asked for money. But I’m trusting that a few of you will hear me out.

Before I ask you for anything, I want to tell you what made me really fall in love with him.

I met Brandon through a ministry called the Christian Union in college. I still laugh when I think about our first date — the way he drew me pictures of tractors on the table in crayon, telling me about his life growing up on a cattle ranch outside Abilene.

I knew from the very beginning this was a man who loved God and loved his country. I looked into his eyes and saw something I have never once doubted since: this was a man not afraid to stand up for everything he believed in.

These days, I sometimes watch him play hide-and-seek with our children in the halls of Congress. I see the same love and the same determination in his eyes.

Our children are the reason he does what he does. He didn’t always plan to run for Congress and become the youngest House Republican. But he knew that if he wanted our children to grow up in a country we still recognize, something had to be done.

My husband won’t go out of his way to tell you this, but he faces daily attacks from the radical left. Thousands of media hit pieces have come after him, calling him every nasty name in the book.

Nothing has broken his will to fight. Every obstacle he faces only strengthens his resolve.

Now one of his biggest deadlines of the year is looming.

Look, Brandon hates asking for donations. He doesn’t want to beg for your hard-earned money, because he knows how valuable it is.

But it would mean the world to me if you helped him fight back.

Whether it is sending a prayer, sharing a note of support, or rushing over a donation — no matter if it is $1 or $1,000 — it tells him he has another fighter standing in his corner.

You can leave Brandon a note here: [LINK]

For God, Family, and Country,
Danielle Gill",fundraising,other,yes,,"goal: money ask ""donations"", ""donation"" (rule 1); issue: no topic keywords",Brandon Gill,https://www.facebook.com/ads/library/?id=1062846019879540,GOP ads,Brandon Gill for Texas,"Sep 23, 2026"
56,1594382895764157,"Reelect Dan Patrick for Lt. Governor
Early Voting: October 19th-30th
Election Day: November 3rd",mobilization,other,yes,,"goal: civic action ""early voting"" (rule 2); issue: no topic keywords",Dan Patrick,https://www.facebook.com/ads/library/?id=1594382895764157,early voting,Texans For Dan Patrick,"Oct 2, 2026"
57,1622393802910516,"Re-elect Justice Jennifer Brunner. For fairness, equality, and respect for all Ohioans. Re-elect Ohio Supreme Court Justice Jennifer Brunner.",persuasion,democracy_voting,yes,,"goal: political, no ask ""re-elect""; issue: democracy_voting ""justice"", ""supreme court""",Jennifer Brunner,https://www.facebook.com/ads/library/?id=1622393802910516,early voting,People for Justice Jennifer Brunner`,"Sep 29, 2026"
58,2263581057549974,Elaine Marzola. Delivering a Nevada all of us can afford.,persuasion,economy,yes,,"goal: no ask found; default for political ads; issue: economy ""afford""",Elaine Marzola for Assembly District 21,https://www.facebook.com/ads/library/?id=2263581057549974,early voting,COMMITTEE TO ELECT ELAINE MARZOLA,"Sep 10, 2026"
59,4497775783883740,"It’s your choice to make this November! Early voting is October 19th through the 30th, and Election Day is November 3rd.

Plan. Check. Vote!
Visit online or download the Harris Votes app.",mobilization,other,yes,,"goal: civic action ""early voting"", ""election day is"" (rule 2); issue: no topic keywords",Harris County Elections Department,https://www.facebook.com/ads/library/?id=4497775783883740,early voting,Harris County Elections Department,"Sep 23, 2026"
60,1935198231058719,First time voting? Make sure your registration is active and up to date before the Oct. 5 deadline.,mobilization,other,yes,,"goal: civic action ""your registration"" (rule 2); issue: no topic keywords",VoteTexas,https://www.facebook.com/ads/library/?id=1935198231058719,early voting,Office of the Texas Secretary of State,"Sep 22, 2026"
61,2884562938576788,"Are you concerned about the rise of socialism? You're not alone.
Millions of Americans are concerned that it's destroying the American Dream and costing taxpayers more money in the process.
That's not fair to you or your family.
Early voting for the general election begins on October 13th. Make a plan to vote stop it from happening in Georgia.
More information: https://mvp.sos.ga.gov/s/",mobilization,other,yes,,"goal: civic action ""early voting"", ""make a plan to vote"" (rule 2); issue: no topic keywords",Citizens For Free Enterprise,https://www.facebook.com/ads/library/?id=2884562938576788,early voting,Citizens for Free Enterprise and not authorized by any candidate or candidate’s committee. [www.citizensforfreeenterprise.com](https://www.citizensforfreeenterprise.com),"Sep 10, 2026"
62,1723400862083146,"The power belongs to the people — and we will use that power at the ballot box this election.

Learn more about how you can protect democracy with us at the link in our bio.",persuasion,democracy_voting,yes,,"goal: political, no ask ""election""; issue: democracy_voting ""democracy""",ACLU,https://www.facebook.com/ads/library/?id=1723400862083146,early voting,American Civil Liberties Union,"Sep 30, 2026"
63,1619714232832977,"Don't miss your chance to vote! Mark these dates on your calendar:

OCT 9th:
Voter registration deadline

Oct 15:
In-person early voting begins

Oct 20th:
Deadline to request an absentee-by-mail ballot

Oct 31th:
Early voting ends

Nov 3rd:
Election Day

Learn more:
https://vote.amculture.org/",mobilization,other,yes,,BLIND: label from scratch,American Culture Project,https://www.facebook.com/ads/library/?id=1619714232832977,early voting,American Culture Project,"Sep 23, 2026"
64,4489829594572017,Re-Elect Duy Nguyen for Nevada Assembly District 8,persuasion,other,yes,,BLIND: label from scratch,Duy Nguyen for Nevada Assembly 8,https://www.facebook.com/ads/library/?id=4489829594572017,early voting,The Committee to Elect Duy Nguyen,"Sep 9, 2026"
65,1348995757401584,"With everyday costs like gas and groceries through the roof, I’m in the Assembly fighting for the same people I always have.",persuasion,economy,yes,,"goal: political, no ask ""assembly""; issue: economy ""costs"", ""gas"", ""groceries""",Hanadi Nadeem,https://www.facebook.com/ads/library/?id=1348995757401584,early voting,COMMITTEE TO ELECT HANADI NADEEM,"Sep 9, 2026"
66,3500262053489936,Election Day is November 3. Your vote can help protect the healthcare you and your community rely on — make a plan to vote.,mobilization,healthcare,yes,,"goal: civic action ""election day is"", ""make a plan to vote"" (rule 2); issue: healthcare ""healthcare""",Healthcare Education Project,https://www.facebook.com/ads/library/?id=3500262053489936,early voting,Healthcare Education Project,"Sep 18, 2026"
67,2361938097973286,"Finally, a fighter for Nashville. Bill Hancock is a sixth-generation Tennessean running for State House because growth is changing this city and our quality of life should not change with it. He will fight to cut property taxes, fix our roads, and protect the neighborhoods we actually live in. Vote November 3.

Finally A Fighter For Nashville
6th-generation Tennessean. Father of three.",persuasion,economy,yes,,BLIND: label from scratch,Bill Hancock for State Representative,https://www.facebook.com/ads/library/?id=2361938097973286,early voting,BILL HANCOCK FOR STATE REPRESENTATIVE,"Sep 21, 2026"
68,932374809924080,"Community safety is important for all Brazoria County residents, no matter your political
affiliation. Brazoria County is a great place to live, work, and raise a family, but this
does not happen by accident. Local races directly impact your safety and rights. As a
Judge, I apply the law accurately and balance the rights of victims and the accused. I
am asking for your continued support and vote on Election Day, November 3, 2026.
Leading up to Election Day, there is much work to be done and I still need your help.
Please consider a financial contribution – no amount is too small. Donations may be
made through my website at ThomasForCCL.com.
Please feel free to share this video.
Early Voting: October 19 – 30, 2026
Election Day: Tuesday November 3, 2026
[www.ThomasForCCL.com](https://www.ThomasForCCL.com)",fundraising,public_safety,yes,,"goal: money ask ""contribution"", ""donations"" (rule 1); issue: public_safety ""victims""",Re-Elect Judge Thomas Pfeiffer,https://www.facebook.com/ads/library/?id=932374809924080,early voting,Thomas Pfeiffer for Judge Campaign,"Aug 28, 2026"
69,2281725835973412,Make sure your voter registration is up to date before the Oct. 5 deadline so you can vote with confidence.,mobilization,other,yes,,"goal: civic action ""voter registration"" (rule 2); issue: no topic keywords",VoteTexas,https://www.facebook.com/ads/library/?id=2281725835973412,early voting,Office of the Texas Secretary of State,"Sep 7, 2026"
70,925547233969249,"It's important to check your voter registration so you don't hit a snag at the polls.

Wrong address on file, a missed deadline, a status you never confirmed. A two minute check can catch that before it's too late.

Learn more:
https://vote.amculture.org/",mobilization,other,yes,,"goal: civic action ""voter registration"" (rule 2); issue: no topic keywords",American Culture Project,https://www.facebook.com/ads/library/?id=925547233969249,early voting,American Culture Project,"Sep 23, 2026"
71,1091569223244168,"WE KNOW WHAT TOM DOES — HE SHOWS UP. He fought for our hospitals and our farms when he was in Congress. And he’s running again.

We got Trump and Congressman John McGuire. They got us paying more for everything.

Tom Perriello will end the tariffs that have raised prices, bring gas and diesel costs down, and protect our healthcare.

Vote Perriello for Congress. Because showing up for him means showing up for us.

Early voting is happening NOW through October 31. Election Day is Tuesday, November 3.",persuasion,economy,yes,,BLIND: label from scratch,BVM Action PAC,https://www.facebook.com/ads/library/?id=1091569223244168,early voting,Black Voters Matter Action PAC,"Sep 29, 2026"
72,1971237900237946,"Donald Trump is creating so much chaos. It's making our health care, groceries, gas–everything–more expensive. And Republicans in Washington and Austin are helping him do it. But we have the power to change things when we vote. Vote for Democrats from start to finish.",persuasion,economy,yes,,BLIND: label from scratch,Lizzie Pannill Fletcher for Congress,https://www.facebook.com/ads/library/?id=1971237900237946,early voting,ELIZABETH PANNILL FLETCHER FOR CONGRESS,"Sep 22, 2026"
73,1794761771671616,"Make a plan to vote. Be ready, know where to go, and make your voice heard this election.

Make a Plan to Vote
Find Your Voting Information",mobilization,other,yes,,"goal: civic action ""make a plan to vote"", ""voting information"" (rule 2); issue: no topic keywords",Right Vote,https://www.facebook.com/ads/library/?id=1794761771671616,early voting,Right Vote Inc,"Oct 1, 2026"
74,1607465320771971,UA! Don’t give away all we’ve fought for. Make a plan to vote.,mobilization,other,yes,,BLIND: label from scratch,United Association,https://www.facebook.com/ads/library/?id=1607465320771971,inflation,United Association,"Sep 21, 2026"
75,1856924938613125,"A little health insurance secret 🤫 that 'big insurance' doesn't want you to know -->

Premiums are up,

Inflation is up,

People are getting dropped from their coverage left and right,

And our buying power as American's is tremendously DOWN.

But here's the secret that should give you some hope -

IT'S ALL BY DESIGN.

Big insurance and big gov are drinking from the same cup -

But once you understand the design, you can actually bypass it.

See, It's obvious 'little miss kam kam' doesn't have a plan for American's to THRIVE.

But we want YOU to have a plan.

A plan that puts more money in your pocket, with better coverage, and doesn't 'secretly' fund everything 'woke'.

So if you're interested,

Click 'Learn More' below and Get Your FREE Healthcare Review Today!",persuasion,healthcare,yes,,"goal: no ask found; default for political ads; issue: healthcare ""health insurance"", ""insurance"", ""premiums""",America Choice Network,https://www.facebook.com/ads/library/?id=1856924938613125,inflation,America Choice Network,"Jul 21, 2026"
76,1775477616981890,"From filling the tank to stocking the fridge, French Hill is taking action to cut inflation and lower prices.",persuasion,economy,yes,,"goal: no ask found; default for political ads; issue: economy ""inflation"", ""prices""",French Hill for Arkansas,https://www.facebook.com/ads/library/?id=1775477616981890,inflation,FRENCH HILL FOR ARKANSAS,"Sep 8, 2026"
77,2171314033413541,UA supports Sherrod Brown,persuasion,other,yes,,goal: no ask found; default for political ads; issue: no topic keywords,United Association,https://www.facebook.com/ads/library/?id=2171314033413541,inflation,United Association,"Sep 8, 2026"
78,1285247517012202,"Friends, we’re trying something different to reach millions of Americans with the truth about Trump’s disastrous economic policies: Billboards.

Our latest social media videos about Trump’s awful impact on issues like health care, inflation, and tax cuts have been shown to move people in our direction by 12 to 14 points—that’s triple our usual impact! 🎉  But tens of millions of Americans aren’t on social media. That’s why we want to put our most powerful messages on billboards in front of as many commuters and communities as possible.

I’ll be honest: This won’t be cheap. To rent high-visibility locations and keep them up long enough to change minds, we need a steady stream of support. Will you chip in with a monthly donation to help us get these billboards up and running?",fundraising,economy,yes,,"goal: money ask ""chip in"", ""monthly donation"" (rule 1); issue: economy ""economic"", ""inflation"", ""tax""",Robert Reich,https://www.facebook.com/ads/library/?id=1285247517012202,inflation,Inequality Media,"May 29, 2026"
79,1125206789938670,Marcy Kaptur’s record is putting party politics over Ohio families.,persuasion,other,yes,,goal: no ask found; default for political ads; issue: no topic keywords,AFP Action,https://www.facebook.com/ads/library/?id=1125206789938670,inflation,"AMERICANS FOR PROSPERITY ACTION, INC.(AFP ACTION)","Sep 24, 2026"
80,1306340081466381,"Friends, our latest videos on Trump’s failed economic policies are shifting opinions by a massive 12-14 points—that’s triple our usual impact! 🎉 People who see our social media videos are more likely to support our position about Trump’s disastrous impact on issues like health care, inflation, and tax cuts.

Now, we want to try something completely new to reach the tens of millions of Americans who don't check social media: Billboards. We know we have winning messages, but to rent high-visibility locations and keep the billboards up long enough to change minds, we need a steady stream of resources.

So if you’re as excited about this idea as I am, will you become a monthly donor today to help us get these billboards up across the country? With U.S. democracy teetering on the brink, there’s no time to waste.",fundraising,economy,yes,,"goal: money ask ""monthly donor"" (rule 1); issue: economy ""economic"", ""inflation"", ""tax""",Robert Reich,https://www.facebook.com/ads/library/?id=1306340081466381,inflation,Inequality Media,"May 14, 2026"
81,1097863909361585,"Thomas Monks is pushing an agenda for higher prices, community unrest, and an unaffordable cost of living. North Carolina families will pay the price.",persuasion,economy,yes,,BLIND: label from scratch,North Carolina Opportunity Alliance,https://www.facebook.com/ads/library/?id=1097863909361585,inflation,NC OPPORTUNITY ALLIANCE,"Sep 11, 2026"
82,39294977056759900,"Every parent wants the same thing: a great school where their child can learn, grow, and thrive. 💛

That’s why we should take a closer look at vouchers.

Vouchers are often sold as “school choice,” but private schools can decide which students they accept. Private schools do not need to provide eligible students with disabilities an IEP or needed services. And vouchers often don’t cover the full cost of tuition, leaving our families to pay the difference.

Meanwhile, every dollar sent to private schools is a dollar that can’t go toward the public schools that welcome all our kids. Do we really want our public tax dollars to go to private schools?

Vouchers aren’t free. They’re fraud.

Keep public dollars in public schools!

Let’s invest in strong public schools where every child has a real opportunity to succeed.

#schoolvouchers #publiceducation #vouchers",fundraising,economy,yes,,"goal: money ask ""every dollar"" (rule 1); issue: economy ""cost"", ""tax""",We Believe,https://www.facebook.com/ads/library/?id=39294977056759900,inflation,We Believe,"Sep 29, 2026"
83,2287785732073652,"Don’t fall for it: PG&E can be regulated federally.

Establishment politicians will take money from special interests, then look you in the eyes and tell you they can’t hold them accountable.

I won’t ever accept money from PG&E, any corporation, or any special interest.

I will fight to end PG&E’s monopoly, lower their rates, and protect us from their wildfires.

In Congress, my plan is to:
1. Leverage FERC complaint to cut PG&E’s federal profits
2. Demand a FERC audit to open PG&E’s books
3. Enact a new law blocking executive bonuses when rates outpace inflation
4. Fight for a DOJ antitrust review and tax reforms to break PG&E’s monopoly

Wildfire survivors have waited long enough. Ratepayers have paid enough. Let’s do something about it.",persuasion,economy,yes,,"goal: political, no ask ""politicians"", ""congress""; issue: economy ""inflation"", ""tax""",Eric Jones for Congress,https://www.facebook.com/ads/library/?id=2287785732073652,inflation,Eric Jones for Congress,"Sep 29, 2026"
84,1635503831349916,Blair has a clear message for politicians. Do you agree?,persuasion,other,yes,,"goal: political, no ask ""politicians""; issue: no topic keywords",AARP Advocates,https://www.facebook.com/ads/library/?id=1635503831349916,inflation,AARP,"Sep 30, 2026"
85,897112099419843,🚀 Want to level up your knowledge on economics? Fill out our form now and get a free Econ 101 e-book!,persuasion,economy,yes,,"goal: no ask found; default for political ads; issue: economy ""economics""",PragerU,https://www.facebook.com/ads/library/?id=897112099419843,inflation,PragerU,"Jan 8, 2026"
86,2617621938673894,"Combat veteran. Small business owner. Fighter for rural Louisiana.

That’s Stewart Cathey, and he’s running for Congress to keep fighting for YOU.",persuasion,candidate_character,yes,,BLIND: label from scratch,Hometown Freedom Action Network,https://www.facebook.com/ads/library/?id=2617621938673894,inflation,HOMETOWN FREEDOM ACTION NETWORK,"Oct 1, 2026"
87,1083408654199698,UA supports Josh Turek,persuasion,other,yes,,goal: no ask found; default for political ads; issue: no topic keywords,United Association,https://www.facebook.com/ads/library/?id=1083408654199698,inflation,United Association,"Sep 8, 2026"
88,1731697308054666,"Before the pandemic, about 48% of Texas renters were considered cost-burdened.

Now, it’s more than half of the state’s 4.1 million renters.

Meanwhile, median rent has risen 9.1% after inflation, compared with just 3.1% growth in median household income.

Are Texas rents becoming unaffordable?

Take the poll.

Texas Rent Up 9.1%
Share your experience",persuasion,economy,yes,,"goal: no ask found; default for political ads; issue: economy ""cost"", ""rent"", ""inflation""",WorkMoney,https://www.facebook.com/ads/library/?id=1731697308054666,inflation,WorkMoney,"Sep 15, 2026"
89,1589627969314085,A new AJC poll says it plain: cost of living is the top worry for Georgia voters. Prices are up 3.5% in a year. Gas is a daily reminder. Wages haven't caught up. Families are doing everything right and still falling behind.,persuasion,economy,yes,,BLIND: label from scratch,Working America,https://www.facebook.com/ads/library/?id=1589627969314085,inflation,Working America,"Sep 15, 2026"
90,2522485861585249,Vote Joe Strada on November 3rd — fighting to make Florida more affordable for you and your community,persuasion,economy,yes,,"goal: political, no ask ""vote""; issue: economy ""affordable""",Joe Strada for Congress,https://www.facebook.com/ads/library/?id=2522485861585249,inflation,Joe Strada Campaign,"Sep 30, 2026"
91,3597113553774794,"If you could talk to a political candidate, what would you tell them about what it’s like to walk in your shoes?",other,other,yes,,BLIND: label from scratch,AARP Advocates,https://www.facebook.com/ads/library/?id=3597113553774794,inflation,AARP,"Sep 30, 2026"
92,3675605635937741,"Terry Wilson cut burdensome regulations on small businesses to stop inflation and create local jobs. He will fight to lower property taxes by reining in the out-of-control home appraisal process.

Wilson also passed a bill that protects our children online by limiting what they can access on social media and preventing sexual predators and Big Tech from preying on them.

And Wilson voted for pay raises for public school teachers who take on harder teaching jobs.",persuasion,economy,yes,,"goal: no ask found; default for political ads; issue: economy ""small businesses"", ""inflation"", ""jobs""",Terry Wilson,https://www.facebook.com/ads/library/?id=3675605635937741,inflation,Terry Wilson Campaign,"Oct 1, 2026"
93,1464460492178229,Cleaning up corruption and cutting the grocery tax. Goldberg will get results.,persuasion,economy,yes,,"goal: no ask found; default for political ads; issue: economy ""grocery"", ""tax""",Bryan Goldberg for State House District 18,https://www.facebook.com/ads/library/?id=1464460492178229,inflation,Committee to Elect Bryan Goldberg,"Sep 22, 2026"
94,1865931684787145,I'm ready to bring a winning game plan to Washington.,other,other,yes,,BLIND: label from scratch,Brian Poindexter for Congress,https://www.facebook.com/ads/library/?id=1865931684787145,inflation,POINDEXTER FOR CONGRESS,"Sep 30, 2026"
95,1638688521290319,"Andrew Jones built a successful business from the ground up. He'll put that same expertise to work rebuilding Montgomery from the ground up.

What does a better state government look like? For starters:
--Continuing to cut income and property taxes.
--Getting rid of the grocery tax.
--Eliminating wasteful spending.

Andrew Jones understands the pinch that working Alabamians are feeling right now. He and his wife Summer see it every day in their small business. Just as families across Alabama are doing, it's time for Montgomery to tighten its belt, too.

Let's get to work!",persuasion,economy,yes,,"goal: no ask found; default for political ads; issue: economy ""taxes"", ""grocery"", ""tax""",Andrew Jones,https://www.facebook.com/ads/library/?id=1638688521290319,inflation,Friends of Andrew Jones,"Sep 30, 2026"
96,972136509190910,"Governor Katie Hobbs is putting a three-year freeze on tax giveaways for new data centers, securing a huge win for Arizona taxpayers.

""We’re stopping the data center tax credit for three years, investing in border security, education and water security, and delivering a $1.4 billion tax cut for middle class Arizonans.”",persuasion,economy,yes,,"goal: political, no ask ""governor""; issue: economy ""tax""",Arizona Daily Briefing,https://www.facebook.com/ads/library/?id=972136509190910,border,Elect Katie Hobbs,"Jul 14, 2026"
97,1391659542164001,"20,000,000 illegal aliens have already invaded America. Sign the petition now demanding that the wall gets built.",mobilization,immigration,yes,,"goal: civic action ""sign the petition"" (rule 2); issue: immigration ""illegal aliens"", ""the wall""",Judicial Watch,https://www.facebook.com/ads/library/?id=1391659542164001,border,Judicial Watch,"Feb 12, 2026"
98,1100926566241099,"Lower grocery prices: vetoed. No tax on tips: vetoed.
541 vetoes, the most of any governor in Arizona history. Arizona remembers every one.",persuasion,economy,yes,,"goal: political, no ask ""vetoed"", ""vetoes"", ""governor""; issue: economy ""grocery"", ""prices"", ""tax""",Turning Point PAC,https://www.facebook.com/ads/library/?id=1100926566241099,border,TURNING POINT PAC INC,"Sep 25, 2026"
99,26026188720310210,America voted to protect our border and end illegal immigration. Sign now to show your support for the Wall!,mobilization,immigration,yes,,"goal: civic action ""sign now"" (rule 2); issue: immigration ""border"", ""illegal immigration"", ""the wall""",Judicial Watch,https://www.facebook.com/ads/library/?id=26026188720310210,border,Judicial Watch,"Feb 12, 2026"
100,1361350529476820,"🧠 Think you already know where you stand politically? Most people are surprised by their results...because it’s not about party, it’s about values.

Take the 5-minute quiz, it cuts through the noise and reveals where you really land on the political spectrum, based on your answers, not assumptions.

⚡ Ready for your “aha” moment?
👉 Take the Quiz and see which side your beliefs truly align with.",other,other,yes,,"goal: product/lead-gen offer ""take the quiz""; issue: no topic keywords",Political Identity,https://www.facebook.com/ads/library/?id=1361350529476820,border,Political Identity,"Aug 11, 2026"
101,2591229904641015,"Mark Teixeira is an outsider, not a politician.

In Congress, Teixeira will work to lower costs, cut taxes for families, support small businesses, and secure the border.

He’s proud to be endorsed by the National Border Patrol Council, National Federation of Independent Business, and law-enforcement groups — and he’ll always fight for Texas families.",persuasion,economy,yes,,"goal: political, no ask ""politician"", ""congress""; issue: economy ""costs"", ""taxes"", ""small businesses""",Mark Teixeira for Congress,https://www.facebook.com/ads/library/?id=2591229904641015,border,MARK TEIXEIRA FOR CONGRESS,"Sep 23, 2026"
102,1535084921460560,"Green Valley–Sahuarita Samaritans is a volunteer-driven humanitarian group in southern Arizona, committed to providing humanitarian assistance to migrants navigating the perilous Sonoran Desert along the U.S.-Mexico border. The organization addresses life-threatening challenges faced by migrants, while also responding to the needs of vulnerable local communities and animals affected by violence.

Do you know someone in your community stepping up to help others? Nominate someone courageous in your community today 👉",mobilization,immigration,yes,,"goal: civic action ""volunteer"" (rule 2); issue: immigration ""migrants"", ""border""",The Courage Project,https://www.facebook.com/ads/library/?id=1535084921460560,border,The Courage Project,"Jun 7, 2026"
103,2264419920747413,Support President Trump’s efforts to secure our border and remove all illegal aliens from the United States. We must take back control of our border and defend our communities.,persuasion,immigration,yes,,"goal: political, no ask ""trump""; issue: immigration ""border"", ""illegal aliens""",Judicial Watch,https://www.facebook.com/ads/library/?id=2264419920747413,border,Judicial Watch,"Feb 12, 2026"
104,1717197902575707,A nation without borders is not a nation. Help Judicial Watch fight illegal immigration by signing the petition now!,persuasion,immigration,yes,,BLIND: label from scratch,Judicial Watch,https://www.facebook.com/ads/library/?id=1717197902575707,border,Judicial Watch,"Feb 12, 2026"
105,3258832720977149,"The bulldozers have already arrived. They're tearing out century-old trees to run a border wall through Big Bend — a national park that barely sees any crossings. Tell Congress to stop it before the damage is irreversible 👇

Sign Petition: Don’t Bulldoze Big Bend National Park",mobilization,immigration,yes,,"goal: civic action ""sign petition"" (rule 2); issue: immigration ""border""",Civic Shout,https://www.facebook.com/ads/library/?id=3258832720977149,border,Civic Shout,"Sep 5, 2026"
106,1477187230205361,"The AARP doesn't share your values. AMAC does. And for just $17/year, you get great benefits AND a senior group that actually fights for you. Join 2 million patriots today.",fundraising,other,yes,,BLIND: label from scratch,AMAC - The Association of Mature American Citizens,https://www.facebook.com/ads/library/?id=1477187230205361,border,ASSOCIATION OF MATURE AMERICAN CITZENS INC,"May 29, 2026"
107,1074150638763034,"Katie Hobbs vetoed 541 bills, including measures to cut taxes on groceries and strengthen border security. She also delayed waivers that would have lowered gas prices.

Now, ""AI"" Katie Hobbs will try to answer the questions the real Katie Hobbs won’t.

This November, you get a veto of your own.

Veto Katie Hobbs.",persuasion,economy,yes,,"goal: political, no ask ""vetoed"", ""veto""; issue: economy ""bills"", ""taxes"", ""groceries""",Arizona Leadership Alliance,https://www.facebook.com/ads/library/?id=1074150638763034,border,Republican Leadership... ⋅ Digitally created,"Oct 2, 2026"
108,1729851064982757,"Fixing a broken system doesn't happen with soundbites - it happens with common-sense leadership.

That’s why Border Patrol leader, Gerhardt Perry stands with Blake Gendebien. Blake understands the challenges facing our region and is ready to do what’s right for the North Country.

No politics. Just solutions.",persuasion,immigration,yes,,BLIND: label from scratch,Blake Gendebien for the North Country,https://www.facebook.com/ads/library/?id=1729851064982757,border,BLAKE FOR THE NORTH COUNTRY,"Sep 18, 2026"
109,1881269439509349,"Crossing the state line from New Hampshire to Maine shouldn't mean paying $300 more per month for the exact same health insurance plan. Policies enacted under Troy Jackson have driven up costs by 77%, making coverage far more expensive for Maine families.",persuasion,healthcare,yes,,"goal: no ask found; default for political ads; issue: healthcare ""health insurance"", ""coverage""",NRSC,https://www.facebook.com/ads/library/?id=1881269439509349,border,NRSC,"Oct 2, 2026"
110,3015080395502705,"Rep. Emanuel Cleaver, II is committed to:

 ✅ Growing Jobs & Building the Economy
 ✅ Ensuring a Woman’s Right to Reproductive Health Freedom
 ✅  Bipartisan Border Security & Immigration Reform
 ✅  Protecting the Solvency of Social Security & Medicare

With over $350 million+ secured in community investments, Rep. Emanuel Cleaver, II is fighting for us in Congress.",persuasion,immigration,yes,,"goal: political, no ask ""congress""; issue: immigration ""border"", ""immigration"" (tie with healthcare, economy)",Cleaver for Congress,https://www.facebook.com/ads/library/?id=3015080395502705,border,Cleaver For Congress,"Aug 28, 2026"
111,4424481397881613,"Our fight to save Big Bend continues.

Big Bend National Park — one of the United States' wildest places — is about to be transformed into an industrial construction zone so the Trump administration can build a slew of needless border barriers and roads.

This must be stopped.

The U.S. Department of Homeland Security is rapidly moving forward with plans to dynamite towering canyon walls, bulldoze sensitive riparian wildlife habitat, pave over archaeological sites, and block public access to one of the great rivers of the American Southwest: the Rio Grande.

Support our fight by donating today.",fundraising,immigration,yes,,"goal: money ask ""donating"" (rule 1); issue: immigration ""border""",Center for Biological Diversity,https://www.facebook.com/ads/library/?id=4424481397881613,border,"CENTER FOR BIOLOGICAL DIVERSITY, INC.","Aug 5, 2026"
112,2189683451902048,"Donald Trump is rushing to build a 250-foot gilded monument to himself that forces our fallen into his shadow. By placing this massive Arc de Trump directly between the Lincoln Memorial and Arlington National Cemetery, he is destroying a historic view to fuel his own vanity. This is disrespectful to a whole new degree. We cannot let Trump obstruct the sacred resting place of our Troops. Make a donation to VoteVets right now to support our campaign to stop the Arc de Trump.",fundraising,other,yes,,"goal: money ask ""make a donation"" (rule 1); issue: no topic keywords",VoteVets,https://www.facebook.com/ads/library/?id=2189683451902048,border,VOTEVETS,"Sep 28, 2026"
113,1653085513040765,"Public lands are shared by all of us. But that hasn't stopped Trump from trying to sell them out, piece by piece, to the highest bidder. The corporate interests and billionaires he's lining the pockets of don't see sacred monuments and cherished forests, only oil fields, lumber yards, and mining sites.

But we see a future where these irreplaceable lands stay protected: for our ability to connect with nature, for wildlife to roam, and for generations to come. We see Bears Ears and Grand Staircase-Escalante remaining protected forever. We see national forests still roadless, still wild, under the protections the Roadless Rule was built to guarantee. We see Big Bend National Park’s wild landscapes left for all to use and enjoy, not bulldozed for unnecessary border construction.

Add your name and join the chorus of people standing up to keep public lands public.

Pledge to Protect Public Lands",mobilization,immigration,yes,,"goal: civic action ""add your name"", ""pledge"" (rule 2); issue: immigration ""border""",Sierra Club,https://www.facebook.com/ads/library/?id=1653085513040765,border,SIERRA CLUB,"Sep 10, 2026"
114,2838397403212663,New Mexico Roots. Real World Experience.,persuasion,other,yes,,goal: no ask found; default for political ads; issue: no topic keywords,Larry Marker for U.S. Senate,https://www.facebook.com/ads/library/?id=2838397403212663,border,Friends of Larry Marker,"Sep 29, 2026"
115,1723754725367990,"Kris Mayes is taking on the cartels, and locking up drug smugglers, human traffickers and violent criminals.",persuasion,public_safety,yes,,"goal: no ask found; default for political ads; issue: public_safety ""cartels"", ""traffickers"", ""violent""",Copper State Victory,https://www.facebook.com/ads/library/?id=1723754725367990,border,Copper State Victory,"Sep 29, 2026"
116,2003774646997671,Why is Kevin Volk the right person for State Representative? Find out why from someone who knows him really well - but she might be biased!,persuasion,other,yes,,"goal: political, no ask ""state representative""; issue: no topic keywords",Kevin Volk for Arizona,https://www.facebook.com/ads/library/?id=2003774646997671,border,Kevin Volk for Arizona,"Sep 28, 2026"
117,1991343038216685,"I took a trip back to Tse Se Ani where I grew up with no electricity or running water, doing homework by kerosene lantern and filling barrels with my family at the well.

Now I'm running to become one of Arizona's most powerful watchdogs, helping to decide what millions of us pay for electricity and water. With energy bills skyrocketing, I'm determined to hold utilities accountable.

“When you have to haul your own water, every drop counts. You learn early on how to use resources wisely. When I'm elected to the Arizona Corporation Commission, I will make sure no community in our state is left behind.”",persuasion,economy,yes,,"goal: political, no ask ""elected""; issue: economy ""electricity"", ""bills"", ""utilities""",Clara Pratte for Corporation Commission,https://www.facebook.com/ads/library/?id=1991343038216685,border,Clara Pratte for Arizona,"Sep 17, 2026"
118,1615422613656728,"Mariana Sandoval voted against letting local law enforcement help secure our border.

That means Arizona cops can’t stop the flow of fentanyl into our communities.

Now she’s running with Emilia Cortez — backed by radical groups that want to ELIMINATE the Border Patrol.",persuasion,immigration,yes,,"goal: political, no ask ""radical""; issue: immigration ""border"" (tie with public_safety)",House Victory Fund,https://www.facebook.com/ads/library/?id=1615422613656728,border,HOUSE VICTORY FUND,"Sep 30, 2026"
119,2021411791814710,"Henry Ford is taking the beds offline at its Madison Heights hospital on the Warren border and selling it to become a psychiatric facility. The ER stays, for now. Every time a hospital gets sold or shrinks, folks in Macomb County drive farther and wait longer.",persuasion,healthcare,yes,,BLIND: label from scratch,Working America,https://www.facebook.com/ads/library/?id=2021411791814710,border,Working America,"Sep 15, 2026"
120,1400257488387551,"Securing the border is a “waste.” Protecting girls’ sports is a “distraction.”

That’s how Sara McGee sees it. Texas families deserve a leader who takes both seriously.

❌ REJECT SARA MCGEE ❌",persuasion,immigration,yes,,BLIND: label from scratch,AFC Victory Fund,https://www.facebook.com/ads/library/?id=1400257488387551,border,AFC Victory Fund,"Sep 30, 2026"
121,1542671273940610,"Planned Parenthood Action Fund will never back down in the fight to protect abortion access for all. If you're with us, add your name now>>",fundraising,abortion,yes,,BLIND: label from scratch,Planned Parenthood Action,https://www.facebook.com/ads/library/?id=1542671273940610,abortion,Planned Parenthood Action Fund,"May 18, 2026"
122,28754567194134989,"When it matters, Susan Collins sides with Donald Trump. Susan Collins voted for Trump’s Supreme Court justices who overturned Roe v. Wade. She voted to confirm Neil Gorsuch and Brett Kavanaugh — and 100 other Trump judges. Now, states are banning abortion and women are dying.",persuasion,abortion,yes,,"goal: political, no ask ""trump""; issue: abortion ""roe"", ""abortion"" (tie with democracy_voting)",WinSenate,https://www.facebook.com/ads/library/?id=28754567194134989,abortion,WINSENATE,"Sep 4, 2026"
123,2089204711955067,We Can’t Trust Annie Andrews!,persuasion,other,yes,,goal: no ask found; default for political ads; issue: no topic keywords,Security is Strength PAC,https://www.facebook.com/ads/library/?id=2089204711955067,abortion,SECURITY IS STRENGTH PAC,"Oct 1, 2026"
124,1546496823743716,"⚠️Safe, legal abortion is no longer a constitutional right.

We are outraged and ready to FIGHT👏LIKE👏 HELL!👏 Can we count on you to join us?",persuasion,abortion,yes,,"goal: no ask found; default for political ads; issue: abortion ""abortion"" (tie with democracy_voting)",Planned Parenthood Action,https://www.facebook.com/ads/library/?id=1546496823743716,abortion,Planned Parenthood Action Fund,"May 18, 2026"
125,2976809719331610,"Abortion bans like Amendment 3 tie doctors’ hands, delaying lifesaving medical care and putting women’s lives at risk. Vote no.",persuasion,abortion,yes,,"goal: political, no ask ""vote""; issue: abortion ""abortion""",NO on 3 - Stop the Ban Missouri,https://www.facebook.com/ads/library/?id=2976809719331610,abortion,Stop the Ban,"Sep 15, 2026"
126,1389463539723300,"Looking for a bold way to proclaim LIFE every single morning? Give a gift of any amount to help save babies from abortion, and the limited-edition “Save
the Baby Humans” Panda Coffee Mug is yours.

Every sip is a reminder that every preborn baby is worth saving and that every mom facing an
unexpected pregnancy is worth reaching with hope.

Quantities are limited. Claim your mug today.",fundraising,abortion,yes,,"goal: money ask ""gift of"" (rule 1); issue: abortion ""save babies"", ""abortion"", ""preborn""",Human Coalition,https://www.facebook.com/ads/library/?id=1389463539723300,abortion,Human Coalition,"Jul 16, 2026"
127,1801359127664097,The school that Darren Bailey founded and operated teaches dangerous ideas about slavery. We can’t let Darren Bailey run our schools or our state. His ideas are way too extreme.,persuasion,other,yes,,BLIND: label from scratch,Dangerous Darren Bailey,https://www.facebook.com/ads/library/?id=1801359127664097,abortion,JB for Governor,"Sep 10, 2026"
128,2995778147447163,Abortion rights are on the line in Michigan. Justice Noah Hood and Chief Justice Megan Cavanagh are protecting them.,persuasion,democracy_voting,yes,,"goal: no ask found; default for political ads; issue: democracy_voting ""justice""",Michigan Democratic Party,https://www.facebook.com/ads/library/?id=2995778147447163,abortion,Michigan Democratic State Central Committee,"Oct 2, 2026"
129,2022335128486297,Whether or not you use birth control is YOUR decision. 📢Tell anti-abortion extremists to back off! 🚫Sign here >>>,mobilization,abortion,yes,,"goal: civic action ""sign here"" (rule 2); issue: abortion ""birth control"", ""abortion""",Reproductive Freedom for All,https://www.facebook.com/ads/library/?id=2022335128486297,abortion,REPRODUCTIVE FREEDOM FOR ALL FOUNDATION,"Jul 1, 2026"
130,1551109206591389,Clock it ⏰ 🤏,other,other,yes,not enough info,BLIND: label from scratch,Planned Parenthood,https://www.facebook.com/ads/library/?id=1551109206591389,abortion,Planned Parenthood Federation of America,"Jul 1, 2026"
131,9512155372160997,"Senator Schumer and the abortion lobby blocked a bill that would have ended infanticide. Sign our urgent petition to demand the Senate to pass the Born-Alive Abortion Survivors Protection Act. This bill would REQUIRE doctors to administer lifesaving medical care to any baby who is born, including abortion survivors. We've taken action, not only filing at state Supreme Courts nationwide to defend life, but we've been aggressively fighting on Capitol Hill too. Sign our petition to help us fight for life. Together, we can defend innocent babies.

Protect Born-Alive Abortion Survivors",mobilization,abortion,yes,,"goal: civic action ""sign our petition"" (rule 2); issue: abortion ""abortion""",Jordan Sekulow,https://www.facebook.com/ads/library/?id=9512155372160997,abortion,American Center for Law and Justice,"Jan 30, 2025"
132,2693673157719883,"None of these women and families thought Idaho's abortion ban would ever touch their lives. Then their pregnancies got complicated.

Every story here is different, but they share something. These were moments of fear, grief, and impossible choices, and each of these families deserved care from a doctor they trusted. Instead, Idaho made those moments harder.

See their stories, connect, and find resources.",persuasion,abortion,yes,,BLIND: label from scratch,Our Idaho Stories,https://www.facebook.com/ads/library/?id=2693673157719883,abortion,Our Idaho Stories,"Sep 29, 2026"
133,2108278966427274,"Become a Life Defender today with a monthly gift of $25 or more, and we’ll send you our denim “It is Good That You Exist” ball cap as a free thank you.

Your monthly gift helps Live Action reach more people with the truth about abortion, change hearts and minds, and save preborn lives all year long.

Wear the message. Defend life. Help build a future where abortion is unthinkable.

Become a Life Defender",fundraising,abortion,yes,,"goal: money ask ""monthly gift"" (rule 1); issue: abortion ""life defender"", ""abortion"", ""preborn""",Live Action,https://www.facebook.com/ads/library/?id=2108278966427274,abortion,Live Action,"Aug 4, 2026"
134,1579249443779684,Crime and corruption have plagued our state for too long. Michael Gates will fight to weed out fraud and corruption and help make California a safe and prosperous place for all Californians!,persuasion,candidate_character,yes,,"goal: no ask found; default for political ads; issue: candidate_character ""corruption""",Michael E. Gates for Attorney General 2026,https://www.facebook.com/ads/library/?id=1579249443779684,crime,Michael Gates for Attorney General 2026,"Aug 19, 2026"
135,1352064323673173,Crime was out of control when Keisha was mayor.,persuasion,public_safety,yes,,BLIND: label from scratch,Rick Jackson for Governor,https://www.facebook.com/ads/library/?id=1352064323673173,crime,"Jackson for Governor, Inc.","Sep 23, 2026"
136,1286303309956349,"The Renewed Hope Act is officially signed into law.

We’re going from 7 victim identification specialists to 200. That’s thousands of boys and girls who now have a real shot at being identified and rescued. So grateful for everyone in Congress who pushed this through.

But here’s the hard truth: the ICSE database has grown from 57,000 unidentified victims to 89,000 in just two years — even after 20,000 kids were rescued. We’re still losing ground faster than we’re gaining it.

This fight is far from over.",persuasion,public_safety,yes,,"goal: political, no ask ""congress""; issue: public_safety ""victims""",Tim Tebow with Tim Tebow Foundation,https://www.facebook.com/ads/library/?id=1286303309956349,crime,TIM TEBOW FOUNDATION,"Jun 23, 2026"
137,1895400655177965,"Every day we wait, they suffer. Right now, there are kids praying for a rescue—for someone to step up, step in, and do something.

Are we actually going to protect these kids from further exploitation, or are we just going to keep talking about it?

Help fight child exploitation today. 👉
https://donate.timtebowfoundation.org/tim-tebow-foundation-inc/checkout/ttf-aht",fundraising,public_safety,yes,,"goal: money ask ""donate"" (rule 1); issue: public_safety ""exploitation""",Tim Tebow with Tim Tebow Foundation,https://www.facebook.com/ads/library/?id=1895400655177965,crime,TIM TEBOW FOUNDATION,"Aug 5, 2026"
138,1394735799247626,"Jonathan’s vision for Avoyelles Parish is clear: protect our community, prosecute violent and repeat offenders, put victims first, move cases efficiently, and responsibly manage taxpayer dollars - all without raising taxes.

Strong. Fair. Accountable.

That’s the District Attorney’s Office Jonathan will lead.",persuasion,public_safety,yes,,"goal: political, no ask ""district attorney""; issue: public_safety ""prosecute"", ""violent"", ""victims""",Jonathan Gaspard for District Attorney,https://www.facebook.com/ads/library/?id=1394735799247626,crime,Friends of Jonathan T. Gaspard,"Aug 11, 2026"
139,2652958588492906,"Everything you've been taught about Watergate is a lie. Sworn testimony, declassified files, and memoirs tell a different story of a president spied on by his own government, a break-in he never ordered, and a narrative that reversed an election.

Stream it on The Daily Wire.",other,other,yes,,"goal: product/lead-gen offer ""stream it""; issue: no topic keywords",Matt Walsh with DailyWire+,https://www.facebook.com/ads/library/?id=2652958588492906,crime,The Daily Wire,"Aug 28, 2026"
140,2333417894064981,"Not everyone online is who they say they are. Fake profiles can feel “normal” at first — same age, same interests, constant messages — until they’re used to manipulate, trick or harm you.

Kendall Carter was arrested and is now serving 30 years in federal prison thanks to the work of DHS Homeland Security Investigations and Rutherford County, Tennessee, Sheriff’s Office.

If someone you don’t know is pushing for secrets, pics or to move the chat off app — that’s a red flag.

#FakeProfiles #OnlineSafety #Know2Protect",other,public_safety,yes,,BLIND: label from scratch,Know2Protect,https://www.facebook.com/ads/library/?id=2333417894064981,crime,Know2Protect,"Aug 5, 2026"
141,1051640584194722,"A police officer in Allentown, PA, drove onto a sidewalk and aimed his cruiser at a protester — just for filming the police in public. Then, they decided to charge him with loitering and disorderly conduct.

Yes, seriously.

Now, with FIRE’s help, Phil Rishel is suing the Allentown Police Department for violating his First Amendment rights.

When you fight for Phil’s free speech, you fight for your own. Join us, and help protect free speech for all Americans.

Join us and help fight back against censorship.",fundraising,public_safety,yes,,BLIND: label from scratch,Foundation for Individual Rights and Expression,https://www.facebook.com/ads/library/?id=1051640584194722,crime,"FOUNDATION FOR INDIVIDUAL RIGHTS AND EXPRESSION, INC.","Jul 1, 2026"
142,1334893444941821,"With over three decades of experience in local law enforcement, I’m committed to protecting our communities from the spread of Chicago crime. Vote Ted Uzelac for State Representative.",persuasion,public_safety,yes,,"goal: political, no ask ""vote"", ""state representative""; issue: public_safety ""law enforcement"", ""crime""",Ted Uzelac,https://www.facebook.com/ads/library/?id=1334893444941821,crime,Committee to Elect Ted Uzelac,"Jul 13, 2026"
143,1574657410701586,Chad Bianco stands with Michael Gates for Attorney General! Stand with Michael Gates today and let’s end the corruption in California!,persuasion,candidate_character,yes,,"goal: political, no ask ""attorney general""; issue: candidate_character ""corruption""",Michael E. Gates for Attorney General 2026,https://www.facebook.com/ads/library/?id=1574657410701586,crime,Michael Gates for Attorney General 2026,"Sep 16, 2026"